{
  "data": {
    "repository": {
      "pullRequests": {
        "nodes": [
          {
            "number": 12,
            "title": "Blueberries are from a fork",
            "state": "OPEN",
            "body": "yeah",
            "url": "https://github.com/OWNER/REPO/pull/12",
            "headRefName": "blueberries",
            "baseRefName": "master",
            "headRepositoryOwner": {
              "login": "hubot"
            },
            "additions": 100,
            "deletions": 10,
            "commits": {
              "totalCount": 12
            },
            "author": {
              "login": "nobody"
            },
            "isCrossRepository": true
          },
          {
            "number": 10,
            "title": "Blueberries are a good fruit",
            "state": "OPEN",
            "body": "",
            "url": "https://github.com/OWNER/REPO/pull/10",
            "baseRefName": "master",
            "headRefName": "blueberries",
            "additions": 100,
            "deletions": 10,
            "author": {
              "login": "nobody"
            },
            "headRepositoryOwner": {
              "login": "OWNER"
            },
            "commits": {
              "totalCount": 8
            },
            "isCrossRepository": false
          }
        ]
      }
    }
  }
}
